PWSCity	WSState	WSZipCode	lon	lat
RITZVILLE	WA	99169	-118.3799751	47.1273723
ROYAL CITY	WA	99357	-119.6305912	46.9009701
SEQUIM	WA	98382	-123.1018437	48.0795365
GIG HARBOR	WA	98335	-122.5801293	47.329264
ABERDEEN	WA	98520	-123.8157218	46.9753708
PORT HADLOCK	WA	98339	-122.7641149	48.0333914
ISSAQUAH	WA	98027	-122.0326191	47.5301011
RICHLAND	WA	99352	-119.2934654	46.239409
VAUGHN	WA	98394	-122.7741913	47.3146613
NEWPORT	WA	99156	-117.0432583	48.1796277
LYNDEN	WA	98264	-122.4537599	48.9552764
OLYMPIA	WA	98502	-122.9006951	47.0378741
SHELTON	WA	98584	-123.1007066	47.2150945
CHEHALIS	WA	98532	-122.9640175	46.6620478
GOLDENDALE	WA	98620	-120.837563	45.830677
PORT ORCHARD	WA	98366	-122.6362492	47.5403732
ACME	WA	98220	-122.2051584	48.7170574
OLYMPIA	WA	98513	-122.7319699	46.9959374
SAMMAMISH	WA	98075	-122.0446183	47.5891279
PORT ANGELES	WA	98362	-123.3456072	47.9506586
POULSBO	WA	98370	-122.6465372	47.735928
PACIFIC BEACH	WA	98571	-124.2024476	47.2196705
LOON LAKE	WA	99148	-117.6333249	48.0617096
KELSO	WA	98626	-122.9084445	46.146779
MOUNT VERNON	WA	98273	-122.3340474	48.421216
FREELAND	WA	98249	-122.525983	48.009537
STANWOOD	WA	98292	-122.3707103	48.2412107
YAKIMA	WA	98908	-120.732328	46.6142844
LA CONNER	WA	98257	-122.4962752	48.3887142
OLYMPIA	WA	98501	-122.8975562	46.9748058
OAK HARBOR	WA	98277	-122.6432245	48.2931559
BELLINGHAM	WA	98227	-122.48	48.75
VANCOUVER	WA	98668	-122.6234603	45.6405989
TUMWATER	WA	98512	-122.9093063	47.0073187
OTHELLO	WA	99344	-119.1752913	46.8259742
CHENEY	WA	99004	-117.5757622	47.4873895
PASCO	WA	99301	-119.1005657	46.2395793
EAST OLYMPIA	WA	98540	-122.8370944	46.9667452
SEATTLE	WA	98102	-122.3215448	47.6338217
COLLEGE PLACE	WA	99324	-118.3875722	46.0469456
KENNEWICK	WA	99337	-119.1372338	46.2112458
WENATCHEE	WA	98807	-120.31	47.42
FERNDALE	WA	98248	-122.5910056	48.8464991
CHELAN	WA	98816	-120.0190801	47.8447571
AIRWAY HEIGHTS	WA	99001	-117.584404	47.6443782
CENTRALIA	WA	98531	-122.9542972	46.7162136
ANACORTES	WA	98221	-122.662498	48.49889
MALAGA	WA	98828	-120.1635549	47.2935603
FIFE	WA	98424	-122.3570664	47.2392665
MOSES LAKE	WA	98837	-119.2780771	47.1301417
OLYMPIA	WA	98512	-123.0213054	47.0004826
ALBION	WA	99102	-117.2503412	46.7897474
RANDLE	WA	98377	-121.9572497	46.535335
QUINCY	WA	98848	-119.8525504	47.2342997
EDMONDS	WA	98020	-122.3735496	47.8040624
ORONDO	WA	98843	-120.2281346	47.6233217
PORT ORCHARD	WA	98367	-122.6362492	47.5403732
NAPAVINE	WA	98565	-122.9118915	46.5778147
SUQUAMISH	WA	98392	-122.5616207	47.7307539
MT VERNON	WA	98273	-122.3340474	48.421216
WINTHROP	WA	98862	-120.1861956	48.4779232
WOODLAND	WA	98674	-122.7439912	45.9045591
BURLINGTON	WA	98233	-122.3254375	48.4756621
MARYSVILLE	WA	98271	-122.1770818	48.0517637
SKAMOKAWA	WA	98647	-123.4556257	46.2701942
SEABECK	WA	98380	-122.8286049	47.640941
ARIEL	WA	98603	-122.4244407	46.0735028
KIRKLAND	WA	98033	-122.1923875	47.6688298
MAPLE VALLEY	WA	98038	-122.0405833	47.3613229
COULEE CITY	WA	99115	-119.2922499	47.6112561
SNOHOMISH	WA	98290	-122.0058344	47.957735
ONALASKA	WA	98570	-122.7194262	46.5756602
PUYALLUP	WA	98372	-122.2928974	47.1853785
EAST WENATCHEE	WA	98802	-120.2931263	47.4156824
YELM	WA	98597	-122.6059582	46.9420431
USK	WA	99180	-117.2818642	48.3131053
LYNNWOOD	WA	98087	-122.2709005	47.85839
LOPEZ ISLAND	WA	98261	-122.8830719	48.5708007
FALL CITY	WA	98024	-121.8887269	47.5673237
TACOMA	WA	98407	-122.5134478	47.2887352
BELLINGHAM	WA	98229	-122.4781473	48.74908
WARDEN	WA	98857	-119.0397305	46.9676426
ALGONA	WA	98001	-122.2520647	47.2789896
DEER HARBOR	WA	98243	-123.0152107	48.6195482
MEAD	WA	99021	-117.3552741	47.7664789
KENNEWICK	WA	99336	-119.161041	46.2138054
SILVER LAKE	WA	98645	-122.7768583	46.3343847
TONASKET	WA	98855	-119.4395039	48.7051529
PORT ANGELES	WA	98363	-123.4307413	48.118146
NACHES	WA	98937	-120.699516	46.730958
FRIDAY HARBOR	WA	98250	-123.0171242	48.5342662
LOPEZ	WA	98261	-122.9131636	48.5242704
ALMIRA	WA	99103	-118.9408459	47.7109823
DAYTON	WA	99328	-117.9724367	46.3237525
MONROE	WA	98272	-121.9709579	47.8553772
HARRAH	WA	98933	-120.5442304	46.4042936
RICHLAND	WA	99302	-119.0905528	46.2309469
GRAPEVIEW	WA	98546	-122.9367806	47.3006035
LEAVENWORTH	WA	98826	-120.6614765	47.5962326
LAKE FOREST PARK	WA	98155	-122.2807326	47.7566327
OLALLA	WA	98359	-122.5462666	47.4291201
DAVENPORT	WA	99122	-118.166012	47.6543245
ARLINGTON	WA	98223	-122.1251418	48.1987118
BONNEY LAKE	WA	98391	-122.1865056	47.1770457
BUCKLEY	WA	98321	-122.0267787	47.1631573
OLYMPIA	WA	98506	-122.9006951	47.0378741
ENUMCLAW	WA	98022	-122.0200229	47.1962805
YAKIMA	WA	98902	-120.5363431	46.5926188
CAMANO ISLAND	WA	98292	-122.3263227	48.2110589
OLGA	WA	98279	-122.8250869	48.6439451
BREMERTON	WA	98312	-122.6329356	47.5673202
ORTING	WA	98360	-122.2042824	47.0978795
STEHEKIN	WA	98852	-120.5674804	48.2604071
RICHLAND	WA	99354	-119.304184	46.305634
CLE ELUM	WA	98922	-120.939249	47.1953976
ROY	WA	98580	-122.539846	47.0042643
DEMING	WA	98244	-122.21599	48.8256718
LONG BEACH	WA	98631	-124.0543234	46.3523219
BELLINGHAM	WA	98226	-122.4781473	48.74908
COLVILLE	WA	99114	-117.9009544	48.5449971
ANDERSON ISLAND	WA	98303	-122.6837041	47.1636283
LONGVIEW	WA	98632	-122.9381672	46.1381676
SUNNYSIDE	WA	98944	-120.0086538	46.3237423
PATERSON	WA	99345	-119.602597	45.93897
BLAINE	WA	98230	-122.7471191	48.993723
EATONVILLE	WA	98328	-122.266502	46.8673263
SEATTLE	WA	98104	-122.3323351	47.6015566
LITTLE ROCK	WA	98556	-123.0174955	46.9019869
OROVILLE	WA	98844	-119.4356211	48.9390509
ELMA	WA	98541	-123.4087692	47.0034291
GRANDVIEW	WA	98930	-119.9017049	46.2509653
LANGLEY	WA	98260	-122.406257	48.0400945
SILVERDALE	WA	98315	-122.7233671	47.7039478
ROCKPORT	WA	98283	-121.5976334	48.485671
LAKE STEVENS	WA	98258	-122.0637425	48.015098
PUYALLUP	WA	98375	-122.3114361	47.1079548
TACOMA	WA	98448	-122.4364624	47.1459357
BENTON CITY	WA	99320	-119.487802	46.2631897
TENINO	WA	98589	-122.8529094	46.8567662
DUPONT	WA	98327	-122.6312391	47.0967638
OLYMPIA	WA	98516	-122.7708828	47.1139164
BURBANK	WA	99323	-119.0130618	46.1998568
BELFAIR	WA	98528	-122.826946	47.4514588
SUMNER	WA	98390	-122.2403966	47.2031566
PATEROS	WA	98846	-119.9034007	48.0509756
LACEY	WA	98503	-122.7982856	47.0180992
HOODSPORT	WA	98548	-123.1405804	47.4063647
CENTRALIA	WA	98532	-122.9542972	46.7162136
COSMOPOLIS	WA	98537	-123.7737763	46.9553719
SEATTLE	WA	98168	-122.295521	47.4886652
ASHFORD	WA	98304	-122.0309409	46.7584413
YACOLT	WA	98675	-122.4062074	45.8659467
ASOTIN	WA	99402	-117.2851677	46.1880909
FINLEY	WA	99337	-119.0338959	46.1540232
AUBURN	WA	98001	-122.2667661	47.3394747
BELLEVUE	WA	98005	-122.1717577	47.6150436
CASTLE ROCK	WA	98611	-122.9076141	46.275111
GRAND COULEE	WA	99133	-119.0120921	47.9391662
PROSSER	WA	99350	-119.7907546	46.2129898
OAK HARBOR	WA	98278	-122.6898122	48.3321731
TACOMA	WA	98444	-122.4554287	47.1547274
SPOKANE	WA	99201	-117.4316272	47.6600716
OLYMPIA	WA	98508	-122.94	47.04
MOSSYROCK	WA	98564	-122.4851112	46.5295517
MCKENNA	WA	98558	-122.551474	46.9397611
TUMWATER	WA	98501	-122.9093063	47.0073187
VANCOUVER	WA	98686	-122.6212498	45.71942
FORD	WA	99013	-117.8249298	47.8640687
WHITE SALMON	WA	98672	-121.4864619	45.7276194
LACEY	WA	98509	-122.8	47.04
OLYMPIA	WA	98507	-122.89	47.04
EPHRATA	WA	98823	-119.5536491	47.3176385
WASHOUGAL	WA	98671	-122.3534247	45.5826188
CHEWELAH	WA	99109	-117.7155208	48.276287
NORTH BEND	WA	98045	-121.7867775	47.4956579
BEAVER	WA	98305	-124.2281237	47.9916881
CONCRETE	WA	98237	-121.7462513	48.5392813
OCEAN SHORES	WA	98569	-124.1562852	46.9736986
CUSICK	WA	99119	-117.2971655	48.3374055
MAZAMA	WA	98833	-120.5665911	48.7009709
YAKIMA	WA	98904	-120.5	46.6
TAHUYA	WA	98588	-123.0553324	47.3717662
BOTHELL	WA	98021	-122.2029132	47.7972338
HOQUIAM	WA	98550	-123.8893348	46.9809247
ROOSEVELT	WA	99356	-120.2158771	45.742907
COWICHE	WA	98923	-120.7139833	46.6710606
SALKUM	WA	98582	-122.6260102	46.5314932
YAKIMA	WA	98903	-120.9521918	46.5274967
BRINNON	WA	98320	-122.8982142	47.679259
SEDRO WOOLLEY	WA	98284	-122.23611	48.50389
BELLEVUE	WA	98008	-122.1112721	47.6120759
YAKIMA	WA	98901	-120.4454218	46.6140435
MESA	WA	99343	-119.0066733	46.5762498
NORTHPORT	WA	99157	-117.7816505	48.9160223
STARBUCK	WA	99359	-118.1282242	46.5201762
EVERETT	WA	98206	-122.21	47.9799999
BEVERLY	WA	99321	-119.9296785	46.8329472
MORTON	WA	98356	-122.2751046	46.5584421
RAYMOND	WA	98577	-123.7329385	46.6864887
SOUTH PRAIRIE	WA	98385	-122.100171	47.1397414
BATTLE GROUND	WA	98604	-122.5334307	45.7809491
BAINBRIDGE ISLAND	WA	98110	-122.5434407	47.6458327
KENT	WA	98030	-122.197612	47.3666507
WALLA WALLA	WA	99362	-118.3152699	46.0819562
SILVER CREEK	WA	98585	-122.4922768	46.5756028
WAPATO	WA	98951	-120.4203382	46.4476278
TOKELAND	WA	98590	-123.9818347	46.7064856
TUKWILA	WA	98188	-122.2829161	47.4489305
TOUTLE	WA	98649	-122.5517533	46.288769
EASTSOUND	WA	98245	-122.9061069	48.696654
COVINGTON	WA	98042	-122.118012	47.3595592
WOODINVILLE	WA	98072	-122.1634582	47.7542651
CLARKSTON	WA	99403	-117.0451581	46.4162723
BEAUX ARTS	WA	98004	-122.2054698	47.5846375
HUSUM	WA	98623	-121.4869839	45.7993728
GRAYLAND	WA	98547	-124.0932273	46.8100926
RAVENSDALE	WA	98051	-121.9837251	47.3523235
BELLEVUE	WA	98009	-122.2001506	47.6101153
BELLINGHAM	WA	98225	-122.4894588	48.7562157
ALLYN	WA	98524	-122.8298029	47.3818017
MARBLEMOUNT	WA	98267	-121.4495729	48.527619
ROCHESTER	WA	98579	-123.0755296	46.8280636
OLYMPIA	WA	98504	-122.89	47.04
GIG HARBOR	WA	98332	-122.5801293	47.329264
PORT LUDLOW	WA	98365	-122.6834913	47.9253693
MATTAWA	WA	99349	-119.9028234	46.73791
GRAHAM	WA	98338	-122.2942839	47.0528789
SPANAWAY	WA	98387	-122.4314043	47.0868172
VANCOUVER	WA	98683	-122.5130927	45.6063161
QUILCENE	WA	98376	-122.8757199	47.8223137
CASHMERE	WA	98815	-120.4698024	47.5223465
SPOKANE	WA	99220	-117.39	47.6599999
VANCOUVER	WA	98682	-122.4979879	45.6585294
ZILLAH	WA	98953	-120.2619988	46.4020734
MERCER ISLAND	WA	98040	-122.2220673	47.5706548
BICKLETON	WA	99322	-120.3006062	45.9979065
LUMMI ISLAND	WA	98262	-122.6863586	48.7248452
MOUNT VERNON	WA	98274	-122.3340474	48.421216
REPUBLIC	WA	99166	-118.7378067	48.6482183
STEVENSON	WA	98648	-121.8845241	45.6956723
WALLULA	WA	99363	-118.9052776	46.0854121
RIDGEFIELD	WA	98642	-122.7426009	45.815115
TOUCHET	WA	99360	-118.6722078	46.0398567
EDGEWOOD	WA	98371	-122.293732	47.2501005
VANCOUVER	WA	98684	-122.5192894	45.6254031
AUBURN	WA	98092	-122.2284532	47.3073228
BRINNON	WA	98362	-122.9044302	47.693589
KETTLE FALLS	WA	99141	-118.0558218	48.6107354
BINGEN	WA	98605	-121.4645173	45.7148416
WINLOCK	WA	98596	-122.9378983	46.4912176
SPOKANE	WA	99217	-117.2676857	47.7315095
YAKIMA	WA	98907	-120.35	46.67
OCEAN PARK	WA	98640	-124.0501628	46.4914875
EATONVILLE	WA	98348	-122.3274742	46.8297122
BLACK DIAMOND	WA	98010	-122.0031691	47.3087121
MAPLE FALLS	WA	98226	-122.0768274	48.9239352
WENATCHEE	WA	98801	-120.3103494	47.4234599
BREWSTER	WA	98812	-119.7806166	48.0959784
MATTAWA	WA	99344	-119.9165575	46.6728673
BOW	WA	98232	-122.4296423	48.5345309
MEAD	WA	99202	-117.3719973	47.6568696
EVERSON	WA	98247	-122.3426588	48.9201171
OCEAN CITY	WA	98569	-124.1660091	47.0709194
DEER PARK	WA	99006	-117.476891	47.9543375
VANCOUVER	WA	98666	-122.67	45.63
ADNA	WA	98522	-123.0597666	46.6278946
RIVERSIDE	WA	98849	-119.506439	48.5023752
VANCOUVER	WA	98662	-122.5829013	45.6894495
CHATTAROY	WA	99003	-117.2925246	47.9061687
ELLENSBURG	WA	98926	-120.5478474	46.9965144
UNION	WA	98592	-123.1016462	47.3546894
PORT TOWNSEND	WA	98368	-122.7604472	48.1170387
BOTHELL	WA	98011	-122.2021071	47.759038
WEST RICHLAND	WA	99353	-119.3614092	46.3043015
SEATTLE	WA	98166	-122.3567244	47.4475151
COLFAX	WA	99111	-117.3643495	46.8801654
ELECTRIC CITY	WA	99123	-119.0367115	47.9310236
MALOTT	WA	98829	-119.7089136	48.2879677
LOOMIS	WA	98827	-119.6334004	48.8209751
METALINE FALLS	WA	99153	-117.3724667	48.8638091
VANCOUVER	WA	98665	-122.6570795	45.6762725
BRIDGEPORT	WA	98813	-119.671164	48.0081999
CUSTER	WA	98240	-122.6379502	48.9173339
IONE	WA	99139	-117.4171886	48.7410261
SOUTH CLE ELUM	WA	98943	-120.9548359	47.1882904
RENTON	WA	98058	-122.1101712	47.454
MINERAL	WA	98355	-122.181595	46.7168179
SELAH	WA	98942	-120.5300666	46.6540153
SOUTH BEND	WA	98586	-123.8046063	46.6631549
CONCONULLY	WA	98819	-119.7497894	48.557371
GREENWATER	WA	98022	-121.6316552	47.148994
SULTAN	WA	98294	-121.8165095	47.8626013
OMAK	WA	98841	-119.5275506	48.4109853
BUCODA	WA	98530	-122.8731314	46.7974169
NEAH BAY	WA	98357	-124.6249602	48.3681223
SKAMANIA	WA	98648	-122.0488678	45.6176095
TEKOA	WA	99033	-117.0721213	47.2232314
PASCO	WA	99302	-119.0905528	46.2309469
SPOKANE VALLEY	WA	99216	-117.2108822	47.6761145
VASHON	WA	98070	-122.4598502	47.4473204
GREENACRES	WA	99016	-117.1643804	47.6677705
SEATTLE	WA	98126	-122.3736284	47.5762049
SPOKANE	WA	99224	-117.5361046	47.6728781
FAIRCHILD AFB	WA	99011	-117.6526326	47.6266051
CAMANO ISLAND	WA	98282	-122.487614	48.1712723
LILLIWAUP	WA	98555	-123.0501032	47.5932586
ELTOPIA	WA	99330	-118.9645387	46.4878449
CAMAS	WA	98607	-122.3995363	45.5870631
LONGBRANCH	WA	98351	-122.7701447	47.2013207
CARNATION	WA	98014	-121.9140073	47.6478787
SEATTLE	WA	98144	-122.303649	47.5845757
GIG HARBOR	WA	98329	-122.7217302	47.3697462
CARBONADO	WA	98323	-122.0515005	47.0798248
SPOKANE	WA	99213	-117.43	47.6599999
CARSON	WA	98610	-121.90639	45.80833
PRESCOTT	WA	99348	-118.3149677	46.2995837
TUKWILA	WA	98168	-122.295521	47.4886652
EVERETT	WA	98207	-122.2155826	47.9907641
COUPEVILLE	WA	98239	-122.6862804	48.2198208
CATHLAMET	WA	98612	-123.3831834	46.2031656
SEATTLE	WA	98134	-122.3406748	47.583863
ENTIAT	WA	98822	-120.20841	47.6759636
SPOKANE	WA	99208	-117.4644801	47.7872368
TULALIP	WA	98271	-122.2605267	48.0988549
PESHASTIN	WA	98847	-120.6319144	47.4904544
CHINOOK	WA	98614	-123.9454273	46.2728802
EASTON	WA	98925	-121.1789787	47.23706
WILKESON	WA	98396	-122.0456673	47.1053802
MEDICAL LAKE	WA	99022	-117.6821604	47.5729426
FORKS	WA	98331	-124.3955202	47.9368782
CLINTON	WA	98236	-122.3556962	47.9784276
SATSOP	WA	98583	-123.4837041	47.0015182
EVERETT	WA	98201	-122.1914014	47.9990269
COPALIS BEACH	WA	98535	-124.1737879	47.1125856
LACEY	WA	98513	-122.8231915	47.0342629
COLTON	WA	99113	-117.1284985	46.56794
ROCK ISLAND	WA	98850	-120.0988019	47.3441542
MOXEE	WA	98936	-120.3831623	46.5537327
CONNELL	WA	99326	-118.8611117	46.6634733
TACOMA	WA	98445	-122.4124378	47.1357484
RENTON	WA	98056	-122.1909906	47.5105794
COULEE DAM	WA	99116	-118.9761322	47.9654304
MONTESANO	WA	98563	-123.6026629	46.9812062
WILLARD	WA	98605	-121.6309083	45.7809516
TOLEDO	WA	98591	-122.846783	46.4398305
MARYSVILLE	WA	98270	-122.1492224	48.0563616
JOYCE	WA	98343	-123.7350377	48.1360514
PRESTON	WA	99117	145.0507656	-37.7282694
PUYALLUP	WA	98371	-122.3213693	47.1971241
KENT	WA	98035	-122.23	47.38
SNOHOMISH	WA	98296	-122.0938937	47.8313268
LYNNWOOD	WA	98036	-122.3151313	47.8209301
WOODINVILLE	WA	98077	-122.0417346	47.7597609
CRYSTAL MOUNTAIN	WA	98022	-121.5045349	46.928168
AMBOY	WA	98601	-122.446487	45.9101124
CURLEW	WA	99118	-118.5994651	48.8834681
UNDERWOOD	WA	98651	-121.5840438	45.7341768
TACOMA	WA	98446	-122.3757983	47.136478
SOAP LAKE	WA	98851	-119.490591	47.389307
DARRINGTON	WA	98241	-121.6015142	48.2553867
SILVERDALE	WA	98383	-122.6948697	47.6445386
REARDAN	WA	99029	-117.8777336	47.6696057
BELLINGHAM	WA	98228	-122.46	48.77
BLAKELY ISLAND	WA	98222	-122.7982346	48.5628631
PUYALLUP	WA	98373	-122.3239889	47.1474103
DESERT AIRE	WA	99349	-119.9172672	46.6792986
SEATTLE	WA	98124	-122.33	47.61
WILBUR	WA	99185	-118.7409278	47.7560527
MARSHALL	WA	99020	-117.4971298	47.564148
FEDERAL WAY	WA	98003	-122.3223975	47.3165043
DRYDEN	WA	98821	-120.5602619	47.5407728
DUVALL	WA	98019	-121.9856781	47.7423218
CENTERVILLE	WA	98613	-120.9047882	45.7531787
SPOKANE VALLEY	WA	99212	-117.3086825	47.6625469
SALKUM	WA	98542	-122.6298537	46.5322115
SNOQUALMIE	WA	98065	-121.8253906	47.5287132
EDMONDS	WA	98026	-122.3390639	47.8369467
EDWALL	WA	99008	-117.9018888	47.4921479
TOPPENISH	WA	98948	-120.3086667	46.3773509
KENNEWICK	WA	99338	-119.1372338	46.2112458
ELBE	WA	98330	-122.1937212	46.7648287
ELMER CITY	WA	99124	-118.9533078	48.0008814
ELK	WA	99009	-117.2874496	48.0356388
KENT	WA	98042	-122.1123384	47.3661299
FOUR LAKES	WA	99014	-117.5953238	47.5601988
ENDICOTT	WA	99125	-117.6829807	46.9257176
MT VERNON	WA	98274	-122.3340474	48.421216
MARCUS	WA	99151	-118.0591838	48.6643932
FARMINGTON	WA	99128	-117.0440605	47.0893399
GOOSE PRAIRIE	WA	98929	-121.2697387	46.8972761
RENTON	WA	98059	-122.1226014	47.4937663
FIRCREST	WA	98466	-122.5159586	47.2395428
PUYALLUP	WA	98374	-122.2928974	47.1853785
SPRAGUE	WA	99032	-117.9755065	47.3001584
MAPLE FALLS	WA	98266	-122.077093	48.9242888
NORTH BONNEVILLE	WA	98639	-121.9711934	45.6373393
JOINT BASE LEWIS MCCORD	WA	98433	-122.529389	47.1095037
ROCKFORD	WA	99030	-117.1307471	47.4521207
LAKEBAY	WA	98349	-122.7762912	47.2648241
FRUITLAND	WA	99129	-118.1816902	48.0162584
POMEROY	WA	99347	-117.6026896	46.4748738
GARFIELD	WA	99130	-117.1410073	47.0079487
GEORGE	WA	98824	-119.8523727	47.0763199
RIMROCK	WA	98937	-121.1250795	46.6642842
REDMOND	WA	98053	-122.121512	47.6739881
WAUCONDA	WA	98859	-118.9145826	48.8167115
TROUT LAKE	WA	98650	-121.528137	45.9973427
SEATTLE	WA	98115	-122.2982224	47.6849444
CHIMACUM	WA	98325	-122.7698454	47.9706273
NEWMAN LAKE	WA	99025	-117.0688235	47.7443433
PACKWOOD	WA	98361	-121.6574333	46.7187427
CARNATION	WA	98024	-121.8997357	47.5847296
GOLD BAR	WA	98251	-121.6970606	47.8567695
BREMERTON	WA	98311	-122.6447815	47.6355461
GRANGER	WA	98932	-120.1872727	46.3420741
OYSTERVILLE	WA	98641	-124.0283336	46.5490216
SEATTLE	WA	98116	-122.4047843	47.5745802
LIBERTY LAKE	WA	99019	-117.1124241	47.6743428
AUBURN	WA	98002	-122.2192679	47.2945159
TACOMA	WA	98499	-122.5019797	47.1616994
ORCAS	WA	98280	-122.8894913	48.5952726
SKYKOMISH	WA	98288	-121.3601014	47.7092746
COLBERT	WA	99005	-117.3415938	47.8266668
SPOKANE	WA	99212	-117.3086825	47.6625469
HARRINGTON	WA	99134	-118.2544187	47.4809872
HARTLINE	WA	99135	-119.1083534	47.6904251
TWISP	WA	98856	-120.122303	48.3634784
AUBURN	WA	98071	-122.23	47.31
GRANITE FALLS	WA	98252	-121.968742	48.0839895
NEWCASTLE	WA	98056	-122.1556769	47.5389889
SHORELINE	WA	98177	-122.3680128	47.7398257
LAKEWOOD	WA	98499	-122.5019797	47.1616994
GREENBANK	WA	98253	-122.5731978	48.0982722
OKANOGAN	WA	98840	-119.5833869	48.361262
INCHELIUM	WA	99138	-118.1973729	48.2970435
HUNTERS	WA	99137	-118.1241099	48.1606906
ILWACO	WA	98624	-124.0432099	46.3089891
INDEX	WA	98256	-121.5551086	47.8206605
BOTHELL	WA	98035	-122.1905767	47.7611675
OPPORTUNITY	WA	99214	-117.2391393	47.6595156
SPOKANE	WA	99206	-117.2454313	47.6098115
WESTPORT	WA	98595	-124.1017645	46.8971588
WATERVILLE	WA	98858	-120.0615442	47.6543836
MANSFIELD	WA	98858	-119.6381044	47.8097546
SEATTLE	WA	98103	-122.3425575	47.6600087
VALLEY	WA	99181	-117.7248441	48.1751444
KAHLOTUS	WA	99335	-118.5510804	46.6443548
SPOKANE	WA	99215	-117.21	47.7
KALAMA	WA	98625	-122.8445509	46.0084472
KAPOWSIN	WA	98344	-122.2366238	46.9842284
KENT	WA	98032	-122.245159	47.4116866
STEILACOOM	WA	98388	-122.6026274	47.1698197
SEATTLE	WA	98178	-122.2549736	47.5014209
SHORELINE	WA	98155	-122.3000183	47.7612471
SEATTLE	WA	98146	-122.3658208	47.4993052
BURIEN	WA	98166	-122.3567244	47.4475151
DES MOINES	WA	98198	-122.3242902	47.4017661
RENTON	WA	98055	-122.2055058	47.4623372
KENMORE	WA	98028	-122.2440148	47.7573202
NEWCASTLE	WA	98059	-122.1556769	47.5389889
PRESTON	WA	98050	-121.9353189	47.5256266
FEDERAL WAY	WA	98063	-122.31	47.31
THORP	WA	98946	-120.671185	47.0679018
KITTITAS	WA	98934	-120.416799	46.9802702
MATLOCK	WA	98560	-123.407894	47.2381309
MUKILTEO	WA	98275	-122.3072458	47.902034
LACROSSE	WA	99143	-117.8818834	46.8140449
MANSON	WA	98831	-120.1567011	47.8847447
MOUNT VERNON	WA	98237	-122.3383369	48.4160092
UNIVERSITY PLACE	WA	98464	-122.44	47.25
LAMONT	WA	99017	-117.9052213	47.2015493
LATAH	WA	99018	-117.155461	47.2815642
JOINT BASE LEWIS-MCCHORD	WA	98433	-122.529389	47.1095037
UNIVERSITY PLACE	WA	98467	-122.538047	47.2046437
LINCOLN	WA	99147	-118.4375725	47.8349676
LIND	WA	99341	-118.5868385	46.9758586
BREMERTON	WA	98337	-122.6397033	47.5685263
SEATTLE	WA	98109	-122.3456919	47.6288591
LYNNWOOD	WA	98046	-122.31	47.82
MABTON	WA	98935	-119.9967079	46.2148534
ROSALIA	WA	99170	-117.3699117	47.2360052
ARLINGTON	WA	98/22	-77.048881	38.8921157
MANCHESTER	WA	98353	-122.5447139	47.5550628
MANSFIELD	WA	98830	-119.6381044	47.8097546
VASHON ISLAND	WA	98070	-122.4598502	47.4473204
MCCLEARY	WA	98557	-123.2654308	47.053151
BURTON	WA	98013	-122.46	47.39
TACOMA	WA	98409	-122.4830031	47.2069941
METALINE FALLS	WA	99152	-117.3724667	48.8638091
METHOW	WA	98834	-120.0037259	48.1301694
SEATTLE	WA	98105	-122.2683743	47.6614244
MILTON	WA	98354	-122.3178467	47.2498904
SPOKANE	WA	99214	-117.2489146	47.6569998
EDGEWOOD	WA	98372	-122.293732	47.2501005
SHAW ISLAND	WA	98286	-122.9293946	48.5836081
MOUNTLAKE TERRACE	WA	98043	-122.3087405	47.7881528
SPOKANE	WA	99223	-117.3272224	47.5888029
NASELLE	WA	98638	-123.8107056	46.3653817
LA CENTER	WA	98629	-122.6703785	45.8623367
NEILTON	WA	98566	-123.8935678	47.4230199
NINE MILE FALLS	WA	99026	-117.676734	47.8067268
OLYMPIA	WA	98503	-122.7982856	47.0180992
NOOKSACK	WA	98276	-122.3175062	48.9288021
KIRKLAND	WA	98083	-122.21	47.68
BREMERTON	WA	98310	-122.6200119	47.5940141
SPOKANE	WA	99207	-117.3932074	47.6939041
OAKVILLE	WA	98568	-123.2323686	46.8403765
ODESSA	WA	99159	-118.6908274	47.3332023
LYNNWOOD	WA	98037	-122.2881807	47.8419525
BUENA	WA	98921	-120.3203476	46.4298269
MILL CREEK	WA	98012	-122.2042966	47.8600971
PACIFIC	WA	98047	-122.247529	47.2611543
PALISADES	WA	98845	-119.9148969	47.419075
PALOUSE	WA	99161	-117.0757252	46.9101688
COPALIS	WA	98535	-124.1143856	47.0870791
PE ELL	WA	98572	-123.2973663	46.5703798
ETHEL	WA	98542	-122.7404917	46.5322276
SNOHOMISH	WA	98291	-122.1	47.9099999
SPOKANE VALLEY	WA	99206	-117.2454313	47.6098115
RONALD	WA	98940	-121.0234182	47.2351185
VANCOUVER	WA	98660	-122.7488096	45.6837914
PULLMAN	WA	99163	-117.1817377	46.7297771
QUINAULT	WA	98575	-123.7814796	47.4300904
RAINIER	WA	98576	-122.6884595	46.888155
GLENOMA	WA	98366	-122.1677962	46.5073338
REDMOND	WA	98073	-122.12	47.67
SEATTLE	WA	98125	-122.3009337	47.7170204
COUGAR	WA	98616	-122.1561155	46.1794789
ROSLYN	WA	98941	-120.9928957	47.2294056
LAKEWOOD	WA	98409	-122.4780243	47.2019421
ROYAL CITY	WA	99349	-119.6283658	46.9000667
SAMMAMISH	WA	98074	-122.0471292	47.6211532
ST. JOHN	WA	99171	-117.5818643	47.0915558
SEKIU	WA	98381	-124.3078058	48.265711
ROCHE HARBOR	WA	98250	-123.0781062	48.5513671
SILVANA	WA	98287	-122.2521334	48.2004047
MILL CREEK	WA	98082	-122.2	47.86
SPOKANE	WA	99204	-117.4253653	47.6457534
SNOQUALMIE PASS	WA	98068	-121.246265	47.4043668
SPANGLE	WA	99031	-117.3801986	47.4273936
SPOKANE	WA	99216	-117.2108822	47.6761145
SPRINGDALE	WA	99173	-117.7413489	48.0573924
SUMAS	WA	98295	-122.2648752	49.0001217
SHORELINE	WA	98133	-122.3435336	47.7393027
TACOMA	WA	98411	-122.47	47.22
BELLEVUE	WA	98006	-122.1277465	47.5577077
LAKE TAPPS	WA	98391	-122.1844809	47.241368
TIETON	WA	98947	-120.7553504	46.7020685
OTIS ORCHARDS	WA	99027	-117.1509129	47.7188906
PULLMAN	WA	99164	-117.1542743	46.7287207
UNION GAP	WA	98903	-120.4750638	46.5573492
UNIONTOWN	WA	99179	-117.0876629	46.5393291
VANTAGE	WA	98950	-119.9872748	46.9454094
VERADALE	WA	99037	-117.1970475	47.6381117
OAK HARBOR	WA	98272	-122.6736849	48.2516742
WAITSBURG	WA	99361	-118.1532861	46.2704176
WASHTUCNA	WA	99371	-118.3105282	46.7565354
WAVERLY	WA	99039	-117.2292718	47.3436089
MONITOR	WA	98836	-120.4162416	47.4873256
TACOMA	WA	98498	-122.5619529	47.1643833
POINT ROBERTS	WA	98281	-123.0568693	48.9883827
BIRCH BAY	WA	98230	-122.7446219	48.9178883
GLACIER	WA	98244	-121.9457016	48.8901226
WHITE PASS	WA	98937	-121.2391801	46.8249724
SPOKANE	WA	99218	-117.4045676	47.7547953
WILSON CREEK	WA	98860	-119.1208498	47.4232005
YAKIMA	WA	98909	-120.51	46.57
ADDY	WA	99101	-117.8378311	48.3561473
MARLIN	WA	98832	-119.0765341	47.344816
BELLEVUE	WA	98004	-122.2051487	47.6264794
VERDALE	WA	99037	-117.1970475	47.6381117
CARLSBORG	WA	98324	-123.172637	48.0887625
AMANDA PARK	WA	98526	-123.8955649	47.4592173
WAPATO	WA	98954	-120.5575996	46.4480206
VANCOUVER	WA	98661	-122.6204002	45.6405414
RICHLAND	WA	99320	-119.5105686	46.2933159
SEATTLE	WA	98127	-122.33	47.61
DALLESPORT	WA	98617	-121.1646507	45.6161922
DANVILLE	WA	99121	-118.5081439	48.9921647
LACEY	WA	98516	-122.8231915	47.0342629
MOSES LAKE	WA	99837	-119.3232071	47.1887062
PORT ANGELES	WA	90 36	-123.4171134	48.1122934
MOSSYROCK	WA	98565	-122.4607686	46.5205799
COOK	WA	98605	-121.6626561	45.7834627
UNDERWOOD	WA	98605	-121.6602762	45.7096435
VANCOUVER	WA	98663	-122.6508104	45.657175
BINGEN	WA	98620	-121.4855611	45.7992392
ANATONE	WA	99401	-117.132397	46.1349095
SPANAWAY	WA	98446	-122.4345661	47.103988
PORT ORCHARD	WA	98370	-122.595285	47.6787985
LATAH	WA	99033	-117.1655741	47.277868
SPOKANE	WA	99228	-117.42	47.72
IRRIGON	WA	97844	-119.5201552	45.8736675
BRUSH PRAIRIE	WA	98606	-122.5464856	45.7328944
KENT	WA	98031	-122.1966209	47.4105661
PORT ANGELES	WA	98361	-123.4109811	48.1402359
REDMOND	WA	98052	-122.118237	47.6701193
BENGE	WA	99105	-118.1031031	46.9088305
WAUNA	WA	98395	-122.6601424	47.3882663
WINTHROP	WA	90062	115.8178956	-31.9769751
WEST RICHLAND	WA	99352	-119.3614092	46.3043015
OLYMPIA	WA	98540	-122.8370944	46.9667452
BOTHELL	WA	98082	-122.2	47.86
TACOMA	WA	98404	-122.4144869	47.2111983
MENLO	WA	98561	-123.6488921	46.623532
BONNEY LAKE	WA	98390	-122.1865056	47.1770457
CAMAS	WA	98671	-122.3995363	45.5870631
SPANAWAY	WA	98380	-122.4314043	47.0868172
KIRKLAND	WA	98034	-122.2031264	47.7148126
RETSIL	WA	98378	-122.61	47.55
HANSVILLE	WA	98340	-122.5667506	47.9027235
VANCOUVER	WA	98685	-122.6914289	45.7113342
AUBURN	WA	98023	-122.3744209	47.3055312
VALLEYFORD	WA	99036	-117.2578654	47.5218603
SHELTON	WA	98384	-122.0084223	46.5090756
OAK HARBOR	WA	89277	-123.1204553	48.0848144
KAPOWSIN	WA	98334	-122.234896	47.003316
SEATTLE	WA	98122	-122.2964235	47.6087583
KINGSTON	WA	98346	-122.4981921	47.7987072
INDIANOLA	WA	98342	-122.5131749	47.7488881
WINSLOW	WA	98110	-122.5144653	47.6251634
FEDERAL WAY	WA	98023	-122.3744209	47.3055312
BLACK DIAMOND	WA	98101	-122.009836	47.315656
GRAHAM	WA	98387	-122.2871212	47.0497192
BELLEVUE	WA	98007	-122.142426	47.6105427
SHELTON	WA	98548	-123.2827705	47.4624816
HOME	WA	98349	-122.7762912	47.2648241
SEATTLE	WA	98155	-122.3000183	47.7612471
SEATTLE	WA	98177	-122.3680128	47.7398257
WASHOUGAL	WA	98675	-122.2984272	45.8590341
WILKESON	WA	98395	-122.0239557	47.1680692
CLAYTON	WA	99110	-117.5657171	48.017342
SEQUIM	WA		-123.1018437	48.0795365
BARING	WA	98224	-121.485382	47.7731614
AUBURN	WA	98022	-122.1574194	47.2975981
PALMER	WA	98048	-122.001933	47.3283213
PORT ANGELES	WA	93622	-123.3984159	48.2731728
SELAH	WA	98943	-120.4811017	46.6743525
BASIN CITY	WA	99343	-119.1522344	46.5940274
STANWOOD	WA	98223	-122.3116155	48.2600475
GIG HARBOR	WA	98580	-122.5851521	47.3222546
SPOKANE	WA	99210	-117.4249298	47.6563789
WHITE SWAN	WA	98952	-120.7311801	46.3829037
PALMER	WA	98051	-121.8923327	47.3142688
SPOKANE	WA	99202	-117.3719973	47.6568696
HUMPTULIPS	WA	98552	-123.9593406	47.2328651
KENT	WA	98038	-122.2348431	47.3809335
CLYDE HILL	WA	98004	-122.2179015	47.6317656
SAMMAMISH	WA	98053	-122.0355736	47.6162683
HOBART	WA	98025	-121.9731566	47.419925
EVERETT	WA	98205	-122.12	47.99
SEATTLE	WA	98117	-122.3824321	47.6913332
ROLLING BAY	WA	98061	-122.5107066	47.6647391
ARDEN	WA	99114	-117.8763674	48.4601788
VANCOUVER	WA	98664	-122.5804528	45.616422
BOTHELL	WA	98012	-122.2155192	47.837259
GRAHAM	WA	98328	-122.2871212	47.0497192
CONWAY	WA	98238	-122.3443124	48.3408731
SEATTLE	WA	98107	-122.3769582	47.6683603
VAUGHN	WA	98349	-122.7711332	47.3441724
GIG HARBOR	WA	98349	-122.7573722	47.2996499
LA CENTER	WA	98604	-122.6246038	45.8717558
ISSAQUAH	WA	98075	-122.0446183	47.5891279
WOODLAND	WA	9674	-122.8711746	49.1817061
TACOMA	WA	98408	-122.4448476	47.1907035
EVANS	WA	99126	-117.9256788	48.7761725
SEATTLE	WA	98112	-122.2891888	47.6329523
CATHLAMET	WA	98642	-123.257005	46.2025019
VANCOUVER	WA	98607	-122.4751985	45.5964553
YELM	WA	98338	-122.3812579	46.954962
MOSES LAKE	WA	98831	-119.320274	47.207779
OUTLOOK	WA	98938	-120.0936084	46.3890119
WASHDOUGAL	WA	98671	-122.3534247	45.5826188
RAVENDALE	WA	98051	-121.9837251	47.3523235
UNIVERSITY PLACE	WA	98466	-122.5504041	47.2356536
THORNTON	WA	99176	-117.3896325	47.1207257
GIFFORD	WA	99131	-118.1463778	48.306282
BEVERLY	WA	99344	-119.8556036	46.9488376
YELM	WA	98531	-122.6102882	46.9429337
OLYMPIA	WA	98589	-122.8295219	46.8236477
SEQUIM	WA	98362	-123.3456072	47.9506586
YACOLT	WA	98604	-122.4014348	45.8667886
SPOKANE	WA	99026	-117.676734	47.8067268
TUM TUM	WA	99034	-117.0782428	47.6371561
PRESCOTT	WA	99248	-117.4590919	47.7454626
LAKEWOOD	WA	98498	-122.5619529	47.1643833
SPOKANE	WA	00224	-117.4180138	47.6593138
RIDGEFIELD	WA	98649	-122.6733179	45.8668993
HUNTERS	WA	98036	-122.2300152	47.6432339
ALLYN	WA	98324	-122.206468	47.091042
PORT ORCHARD	WA	98346	-122.6634212	47.4359085
RAVENSDALE	WA	98064	-121.9812964	47.3533004
ENUMCLAW	WA	98021	-122.0200229	47.1962805
BAINBRIDGE ISLAND	WA	98112	-122.5622069	47.6049897
KEYPORT	WA	98345	-122.6211818	47.7018855
MATTAWA	WA	98349	-119.7022577	46.7326344
FOX ISLAND	WA	98333	-122.6343134	47.2502467
SEATTLE	WA	98108	-122.3045438	47.5405059
VANCOUVER	WA	98632	-122.579893	45.6230489
LOPEZ	WA	98115	-123.0322046	48.5832466
KENT	WA		-122.2348431	47.3809335
ALLYN	WA	98546	-122.8299217	47.4508977
TRACYTON	WA	98393	-122.6554479	47.6104943
LYLE	WA	98635	-121.2861833	45.695954
PORT GAMBLE	WA	98364	-122.582482	47.8542809
PARKER	WA	98939	-120.4682022	46.5050757
HEISSON	WA	98622	-122.4922153	45.8246891
BURLEY	WA	98367	-122.6309669	47.417874
BENTON CITY	WA	99336	-119.1199406	46.2103513
UNION	WA	98584	-123.0962197	47.2019169
SEATTLE	WA	98106	-122.3514653	47.5476069
AUBURN	WA	98055	-122.226509	47.328156
KENT	WA	98064	-122.2	47.39
GLENOMA	WA	98336	-122.0815396	46.5871265
CLALLAM BAY	WA	98326	-124.2601458	48.2533303
LAURIER	WA	99146	-118.2275052	48.9945267
LAKE BAY	WA	98349	-122.7762912	47.2648241
GALVIN	WA	98544	-123.0260428	46.7417794
GREENBANK	WA	98523	-122.8875578	48.0169517
OLYMPIA	WA	98505	-122.9769726	47.0720002
VASHON	WA	98020	-122.477348	47.458153
COPALIS CROSSING	WA	98536	-124.140048	47.1774226
TACOMA	WA	98402	-122.4417426	47.2529105
SEATTLE	WA	98114	-122.33	47.6
ISSAQUAH	WA	98029	-122.0051561	47.5577093
TACOMA	WA	98424	-122.3473803	47.2324122
SKAMOKAWA	WA	98612	-123.4556257	46.2701942
LAKE STEVENS	WA	98816	-122.0794294	48.0238979
CARLTON	WA	98814	-120.1373193	48.2104895
TACOMA	WA	98467	-122.538047	47.2046437
ENUMCLAW	WA	98002	-122.0200229	47.1962805
TACOMA	WA	98406	-122.4971478	47.2612103
ANATONE	WA	99403	-117.1030141	46.4000187
PORT HADLOCK	WA	98334	-122.7598882	48.11196
GIG HARBOR	WA	98336	-122.5851521	47.3222546
TOPPENISH	WA	98548	-120.3018527	46.3771173
SOUTH COLBY	WA	98384	-122.5235573	47.5221356
LAKEWOOD	WA	98492	-122.5555079	47.1485319
ENUMCLAW	WA	98070	-122.0200229	47.1962805
YAKIMA	WA	98508	-122.9420865	46.7270067
CARLSBORG	WA	98362	-123.3456072	47.9506586
RIDGEFIELD	WA	98604	-122.6733179	45.8668993
PULLMAN	WA	99116	-117.109444	46.743611
EATONVILLE	WA	98329	-122.2654116	46.8652937
SPANGLE	WA	98031	-117.3751009	47.4276588
GREEN BANK	WA	98253	-122.5731978	48.0982722
ENUMCLAW	WA	98027	-122.0200229	47.1962805
BURLEY	WA	98322	-122.6274891	47.4124548
TACOMA	WA	98443	-122.3714666	47.1921777
BURIEN	WA	98146	-122.3658208	47.4993052
CLE ELUM	WA	98115	-120.9385094	47.1961057
LA CENTER	WA	98674	-122.6246038	45.8717558
SEATTLE	WA	98118	-122.2675625	47.5412021
CAMANO ISLAND	WA	98262	-122.51147	48.0953389
9 MILE FALLS	WA	99026	-117.5515184	47.7795103
MOSES LK	WA	98837	-119.2780771	47.1301417
DUVALL	WA	98014	-122.1565786	47.4995687
LAKEWOOD	WA	98259	-122.2085665	48.1516214
VANE	WA	98686	115.9727553	-31.8554137
TACOMA	WA	98465	-122.5345115	47.2479762
QUILCENE	WA	9376	-122.8474441	47.784575
CASHMERE	WA	98816	-120.484802	47.514847
NORDLAND	WA	98358	-122.6909961	48.0509255
SUMNER	WA	98391	-122.2403966	47.2031566
SPOKANE	WA	99203	-117.4091598	47.6260439
STANWOOD	WA	98282	-122.487614	48.1712723
VASHON	WA	98013	-122.46	47.39
BAINBRIDGE ISLAND	WA	98118	-122.5622069	47.6049897
GRAHAM	WA	98371	-122.2871212	47.0497192
VANCOUVER	WA	9687	-118.5016754	49.0018571
BAY CENTER	WA	98527	-123.9600547	46.6337623
RICE	WA	99167	-118.1708517	48.4288285
KENT	WA	98055	-122.2055058	47.4623372
ENUMCLAW	WA	98023	-122.0200229	47.1962805
TOLEDO	WA	98581	-122.8494278	46.4378564
SEATTLE	WA	98119	-122.3674079	47.6384586
EVERSON	WA	98284	-122.342523	48.9232722
DECATUR	WA	98221	-122.813778	48.499833
SEAL ROCK	WA	97376	-122.8893269	47.7095375
GRANDVIEW	WA	99350	-119.8991511	46.266417
ISSAQUAH	WA	98007	-122.142426	47.6105427
LOWDEN	WA	99360	-118.6384645	46.0979435
TACOMA	WA	98405	-122.4773432	47.2457073
GLENWOOD	WA	98619	-121.290699	46.0185656
LEBAM	WA	98554	-123.5593752	46.5617946
TACOMA	WA	98403	-122.4595008	47.2649829
ARLINGTON	WA	98206	-122.161616	48.1624738
RAVENSDALE	WA	98031	-121.9812964	47.3533004
SEATTLE	WA	98188	-122.2829161	47.4489305
MOSSY ROCK	WA	98564	-122.4851112	46.5295517
HOODSPORT	WA	98584	-123.1405804	47.4063647
MAPLE VALLEY	WA	98058	-122.1671307	47.4723539
LA GRANDE	WA	98348	-122.3274742	46.8297122
MEDINA	WA	98039	-122.2276237	47.6209323
CARNATION	WA	98104	18.612583	-34.028268
SPOKANE	WA	99021	-117.1902938	47.8577355
CARSON CITY	WA	98610	-121.90639	45.80833
PLYMOUTH	WA	99346	-119.3989643	45.9494047
SPOKANE	WA	99009	-117.2874496	48.0356388
TACOMA	WA	98466	-122.5426928	47.230393
BENTON CITY	WA	99353	-119.4197414	46.4132585
SEAHURST	WA	98062	-122.36	47.47
STRATFORD	WA	98853	-119.2747463	47.4245254
ARDENVOIR	WA	98811	-120.3618637	47.735518
RENTON	WA	98384	-122.2753109	49.0446463
SEABECK	WA	98350	-122.9108466	47.5747675
TUKWILA	WA	98138	-122.25	47.46
KENT	WA	98002	-122.2192679	47.2945159
APPLETON	WA	98602	-121.2835937	45.8679331
CHIMACUM	WA	98375	-122.7421369	48.0730975
FEDERAL WAY	WA	98391	-122.326567	47.303966
EVERETT	WA	98204	-122.268112	47.9088246
SPOKANE	WA	99205	-117.4516702	47.7000703
REDMOND	WA	98502	-122.131737	47.648254
RAVENSDALE WA 98101	WA	98038	-122.0579959	47.3879304
NORTH BEND	WA	98065	-121.7867775	47.4956579
WAHKIACUS	WA	98670	-121.1347423	45.8920124
WENATCHEE	WA	98828	-120.1635549	47.2935603
FRUITLAND	WA	99219	-122.3282214	47.1692255
BELLEVUE	WA	98052	-122.118237	47.6701193
POULSBO	WA	98320	-122.6568466	47.6811524
ISSAQUAH	WA	32115	-121.9114416	47.5622008
MARYSVILLE	WA	98292	-122.1655387	48.0843935
LILLIWAUP	WA	98620	-123.1159614	47.4660494
MARYHILL	WA	98620	-120.8136737	45.6870683
MICA	WA	99023	-117.1662582	47.5664962
RENTON	WA	98027	-122.0626443	47.5453229
BUCKLEY	WA	98391	-122.1598828	47.175147
MCCLEARY	WA	98558	-123.251887	47.0456509
HOOPER	WA	99333	-118.1489965	46.7573059
TACOMA	WA	98401	-122.76	47.28
PASCO	WA	99337	-119.1005657	46.2395793
MOSES LAKE	WA	98827	-119.320274	47.207779
SPANAWAY	WA	98337	-122.4314043	47.0868172
MARYSVILLE	WA	98290	-122.1771174	48.059332
BELLINGHAM	WA	98266	-122.0455569	48.9679969
BROWNSTOWN	WA	98920	-120.6091194	46.4039132
TACOMA	WA	98422	-122.359999	47.2719625
DOTY	WA	98539	-123.279412	46.637276
ARLINGTON	WA	98233	-122.161616	48.1624738
BELLEVUE	WA	98019	-122.1995379	47.5995396
RICHLAND	WA	99336	-119.161041	46.2138054
RENTON	WA	98042	-122.2173674	47.4899977
SEATTLE	WA	98111	-122.34	47.61
BELFAIR	WA	98358	-122.206468	47.091042
BRUSH PRARIE	WA	98606	-122.5464856	45.7328944
CARNATION	WA	98901	-120.0209106	46.3155308
CINEBAR	WA	98533	-122.4346142	46.6907199
CLINTON	WA	98260	-122.4860536	48.7572229
VAUGHN	WA	98396	-122.6040806	47.547755
STEILACOOM	WA	98383	-122.595817	47.168875
SOUTHWORTH	WA	98386	-122.5014255	47.5123431
PUYALLUP	WA	98370	-122.234766	47.212998
WOODINVILLE	WA	98296	-122.1154875	47.8545596
AERIAL	WA	98603	-122.4244407	46.0735028
SEATTLE	WA	98133	-122.3435336	47.7393027
GORST	WA	98337	-122.6397033	47.5685263
EVERETT	WA	98203	-122.2334664	47.9417388
GIG HARBOR	WA	98338	-122.5851521	47.3222546
DAVENPORT	WA	99207	-122.6642017	49.2294019
SEATTLE	WA	98199	-122.4067862	47.6507081
EVERETT	WA	98208	-122.1853637	47.8962246
ROYAL CITY	WA	99857	-119.6283658	46.9000667
OLLALA	WA	98351	-122.7565008	47.2090515
REDMOND	WA	98054	-122.0764596	47.6946528
MCKENNA	WA	98555	-122.5264485	46.9399404
TUMWATER	WA	98502	-122.8955294	46.985366
YELM	WA	98507	-122.6102882	46.9429337
GRANITE FALLS	WA	98258	-122.0818327	48.0332513
GRANITE FALLS	WA	98201	-121.9545852	48.0439302
FERNDALE	WA	98247	-122.5955058	48.8192057
MOCLIPS	WA	98562	-124.2129577	47.2361952
SEATTLE	WA	98165	-122.33	47.61
BELLINGHAM	WA	98262	-122.649891	48.6829804
LA CENTER	WA	98699	-122.5942672	45.8956688
SPANAWAY	WA	98383	-122.4314043	47.0868172
SPANAWAY	WA	98381	-122.4314043	47.0868172
COLBERT	WA	99055	-117.3600616	47.8237102
NESPELEM	WA	99155	-118.9747476	48.1671004
ISSAQUAH	WA	98207	-122.6677622	48.3061424
SPOKANE	WA	99219	-117.5132883	47.6273664
NINE MILE FALLS	WA	99206	-119.050843	46.3340494
VANCOUVER	WA	98642	-122.6931439	45.7968414
VACOLT	WA	98675	-122.4062074	45.8659467
ENUMCLAW	WA	98126	-121.6628307	47.1602735
AUBURN	WA	98082	-122.226509	47.328156
KELLER	WA	99140	-118.6839945	48.0783632
TACOMA	WA	98439	-122.5125053	47.1257389
AUBURN	WA	98052	-122.226509	47.328156
ELMA	WA	98520	-123.4253068	46.9912772
POULSBO	WA	98366	-122.6568466	47.6811524
HOQUIAM	WA		-123.8893348	46.9809247
SPOKANE	WA	99211	-117.43	47.6599999
KENT	WA	98058	-122.1101712	47.454
NINE MILE FALLS	WA	99034	-117.742557	47.8856597
WALDRON	WA	98297	-123.0717401	48.7015912
KIRKLAND	WA	98011	-122.2021071	47.759038
MOSES LAKE	WA	99337	-119.925217	46.6797936
HAY	WA	99136	-117.9158482	46.678759
NACHES	WA	98931	-120.654757	46.675175
MONTESANO	WA	9563	-123.67873	46.9621822
PASCO	WA	99336	-119.161041	46.2138054
SATSOP	WA	98538	-123.5008748	47.0491064
SAMMAMISH	WA	98027	-122.055835	47.538539
OTHELLO	WA	99357	-119.080276	46.794998
LONGBRANCH	WA	98136	-121.6202309	46.6437186
WINLOCK	WA	98591	-122.9235936	46.4910727
KELSO	WA	98642	-122.898389	46.118
CAMANO ISLAND	WA	98291	-122.51147	48.0953389
MERCER ISLAND	WA	98046	-122.22117	47.56697
ARLINGTON	WA	9823	-123.0300646	49.2201386
SEATTLE	WA	98121	-122.3497446	47.6152474
LOPEZ ISLAND	WA	9826	-122.8312683	48.4897619
DECATUR ISLAND	WA	98221	-122.8136645	48.4999389
TENINO	WA		-122.8529094	46.8567662
YACOLT	WA	98657	-122.4014348	45.8667886
SHELTON	WA	98594	-123.1151631	47.217092
GIG HARBOR	WA	98832	-122.5851521	47.3222546
LAKEWOOD	WA	98497	-122.55	47.18
BOTHELL	WA	98041	-122.2	47.76
WOODWAY	WA	98020	-122.3829102	47.7962079
OLYMPIA	WA	98686	-122.9706843	46.1540637
ALBUQUERQUE	WA	87154	-106.53	35.13
WILKERSON	WA	98396	-122.0456673	47.1053802
MALOTT	WA	98150	-119.6962577	48.2923615
SEATTLE	WA	98136	-122.3911524	47.5378143
MONTESANO	WA	98536	-124.1042752	46.8968576
BURLINGTON	WA	98232	-122.4296423	48.5345309
SEQUIM	WA	98324	-123.172637	48.0887625
OAK HARBOR	WA	98927	-123.1204553	48.0848144
VALLEYFORD	WA	99063	-117.1835784	47.5312485
LA PUSH	WA	98350	-124.6352255	47.9081335
TACOMA	WA	90406	-122.4415856	47.2558595
AUBURN	WA	98801	-123.104108	49.1455638
SEATTLE	WA	98101	-122.336407	47.6084921
POST FALLS	WA	83877	-116.95	47.72
MONROE	WA	98058	-122.1754715	47.4670205
STARTUP	WA	98293	-121.7429095	47.8675397
TUMWATER	WA	98511	-123.03	46.95
ANACORTES	WA	98249	-122.662498	48.49889
KENNEWICK	WA	99536	-119.2162987	46.2723144
FALL CITY	WA	98038	-121.869331	47.55914
BLACK DIAMOND	WA	98038	-122.0247963	47.3747912
PASCO	WA	99343	-119.1170487	46.2579124
ANAHEIM	WA	92808	-117.702148	33.8416068
SEATTLE	WA	98150	-122.3385759	47.6025001
EVERETT	WA	98520	-122.19415	47.97578
WILSONVILLE	WA	97070	-122.7663284	45.3217648
PORT HADLOCK	WA	98362	-122.7598882	48.11196
LYNDEN	WA	98246	-122.4537599	48.9552764
ROSLYN	WA	98940	-121.0681699	47.5013514
COWICHE	WA	96923	-120.7104145	46.6874311
FALL CITY	WA	98290	-121.869331	47.55914
CARSON	WA	98680	-121.8408761	45.7311446
GREENBLUFF	WA	99021	-117.2716024	47.8273947
KETTLE FALLS	WA	99114	-118.2549121	48.5802875
PORTLAND	WA	97214	-122.6456739	45.5113506
MCKENNA	WA	98858	-122.542183	47.0014942
LANGLEY	WA	98249	-122.4333546	48.0312516
PORT TOWNSEND	WA	98362	-122.7598882	48.11196
FOREST GROVE	WA	97116	-123.13223	45.570171
RIDGEFIELD	WA	NIGHT	-122.7426009	45.815115
LITTLE ROCK	WA	98502	-123.020064	46.9015709
SPANAWAY	WA	98338	-122.4314043	47.0868172
GIG HARBOR	WA	98359	-122.5851521	47.3222546
WEST RICHLAND	WA	99354	-119.303342	46.3063606
WALLA WALLA	WA	99326	-118.287778	46.094722
TOLEDO	WA	98612	-106.1201286	28.6215686
KIRKLAND	WA	98003	-122.1964243	47.6753822
KENNEWICK	WA	9936	-119.1166748	46.1616442
EAST WENATCHEE	WA	98801	-120.3359716	47.4512907
TENINO	WA	98584	-122.8426655	46.8569195
STEHEKIN	WA	98552	-123.1117672	48.512805
